{"pdbid":"1cbs","properties":{"AAXIS":45.65,"ALPHA":90,"BAVER":16.58,"BAXIS":47.56,"BBEST":"0.50","BETA":90,"BLTBEST":"0.30","BREFTYPE":"ISOT","BWILS":24.07,"CAXIS":77.61,"CCFFIN":0.944,"CCFOLD":0.954,"CCWFIN":0.966,"CCWOLD":0.957,"COMMENT":null,"COMPLETED":90.3,"DATARESH":1.8,"DATARESL":14.93,"DOTLS":false,"DYEAR":1994,"EXPTYP":"X-ray","FALSETWIN":false,"FARMSZ":0.755,"FBCONF":2.51,"FBPGRMSZ":null,"FBPHBRMSZ":null,"FBRMSZ":0.542,"FBUCKLE":null,"FBUMPS":2,"FCHI12":0.46,"FCONFAL":null,"FDNRMSD":null,"FGFOLD":null,"FHBSAT":0.957,"FHBUNS":1,"FHRMSZ":null,"FPROPEL":null,"FSCHI12":0.834,"FSHEAR":null,"FSTRETCH":null,"FSZRAMA":0.782,"FWBMPS":0.002,"FZPAK1":1.344,"FZPAK2":2.791,"FZRAMA":1.791,"GAMMA":90,"GOT_NUC":false,"GOT_PROT":true,"HBFLIP":3,"IONPROBE":0.8,"ISTWIN":false,"LEGACY":false,"NARMSZ":0.746,"NBBFLIP":0,"NBCONF":2.458,"NBPGRMSZ":null,"NBPHBRMSZ":null,"NBRMSZ":0.542,"NBUCKLE":null,"NBUMPS":0,"NCHI12":0.34,"NCHIRFX":0,"NCONFAL":null,"NDNRMSD":null,"NDROTA":7,"NGFOLD":null,"NHBSAT":0.956,"NHBUNS":2,"NHRMSZ":null,"NLOOPS":0,"NMETALREST2":0,"NNUCLEICREST":0,"NOPDB":false,"NOSF":false,"NPROPEL":null,"NREFCNT":14678,"NSCBLT":0,"NSCHI12":0.817,"NSHEAR":null,"NSTRETCH":null,"NSZRAMA":0.779,"NTLS":1,"NTSTCNT":1496,"NWATDEL":6,"NWBMPS":0,"NZPAK1":1.295,"NZPAK2":2.574,"NZRAMA":1.677,"OARMSZ":0.676,"OBCONF":2.402,"OBPGRMSZ":null,"OBPHBRMSZ":null,"OBRMSZ":0.433,"OBUCKLE":null,"OBUMPS":0,"OCHI12":-0.797,"OCONFAL":null,"ODNRMSD":null,"OGFOLD":null,"OHBSAT":0.956,"OHBUNS":1,"OHRMSZ":null,"OPROPEL":null,"OPTTLSG":"REDO","ORITLS":false,"OSCHI12":0.813,"OSHEAR":null,"OSTRETCH":null,"OSZRAMA":0.776,"OWBMPS":0,"OZPAK1":1.331,"OZPAK2":2.444,"OZRAMA":1.399,"PROG":"X-PLOR","RCAL":0.1783,"REFPATM":10.9,"RESOLUTION":1.8,"RESOTYPE":3,"RFACT":0.2,"RFCAL":0.1832,"RFCALUNB":0.2094,"RFCALZ":5.57,"RFFIN":0.1969,"RFFINUNB":0.1828,"RFFINZ":-2.76,"RFIN":0.1557,"RFREE":0.237,"RFRRAT":1.1743,"RFTLS":0.1955,"RFTLSUNB":0.1826,"RFTLSZ":-2.53,"RSCCB":5,"RSCCW":0,"RSHRINK":0.8,"RSRB":8,"RSRW":0,"RTLS":0.1555,"SIGRFCAL":0.0047,"SIGRFFIN":0.0051,"SIGRFTLS":0.0051,"SOLVD":53.43,"SOLVENT":"SIMP","SPACEGROUP":"P 21 21 21","SRFRRAT":0.0491,"STFLIP":null,"TFBPGRMSZ":null,"TFCHI12":96,"TFCONFAL":null,"TFHBSAT":98,"TFWBMPS":87,"TFZPAK1":97,"TFZPAK2":99,"TFZRAMA":98,"TIME":"2021-11-25","TITLE":"CRYSTAL STRUCTURE OF CELLULAR RETINOIC-ACID-BINDING PROTEINS I AND II IN COMPLEX WITH ALL-TRANS-RETINOIC ACID AND A SYNTHETIC RETINOID","TLSBEST":"0.30","TNCONFAL":null,"TOBPGRMSZ":null,"TOCHI12":81,"TOCONFAL":null,"TOHBSAT":98,"TOWBMPS":96,"TOZPAK1":97,"TOZPAK2":99,"TOZRAMA":96,"TSTCNT":1496,"TSTPRC":10.2,"URESO":1.8,"USIGMA":true,"VDWPROBE":1.2,"VERSION":7.36,"WAVELENGTH":null,"ZCALERR":true,"ZCCF":-2.76,"ZCCW":9.72,"ZRFRRATCAL":2.99,"ZRFRRATFIN":-1.84,"ZRFRRATTLS":-1.69},"rama-angles":[{"chains":[{"asym_id":"A","auth_asym_id":"A","models":[{"model_id":1,"residues":[{"auth_seq_id":"1","compound_id":"PRO","orig":{"psi":151.242},"redo":{"psi":146.049},"seq_id":1},{"auth_seq_id":"2","compound_id":"ASN","orig":{"phi":-124.51,"psi":100.482,"rama":"Favored"},"redo":{"phi":-117.794,"psi":101.351,"rama":"Favored"},"seq_id":2},{"auth_seq_id":"3","compound_id":"PHE","orig":{"phi":-80.0034,"psi":-9.87705,"rama":"Favored"},"redo":{"phi":-83.8565,"psi":-5.90211,"rama":"Favored"},"seq_id":3},{"auth_seq_id":"4","compound_id":"SER","orig":{"phi":-55.6171,"psi":140.229,"rama":"Favored"},"redo":{"phi":-59.4566,"psi":137.788,"rama":"Favored"},"seq_id":4},{"auth_seq_id":"5","compound_id":"GLY","orig":{"phi":144.983,"psi":177.201,"rama":"Favored"},"redo":{"phi":154.012,"psi":-177.293,"rama":"Favored"},"seq_id":5},{"auth_seq_id":"6","compound_id":"ASN","orig":{"phi":-104.901,"psi":115.754,"rama":"Favored"},"redo":{"phi":-104.488,"psi":115.653,"rama":"Favored"},"seq_id":6},{"auth_seq_id":"7","compound_id":"TRP","orig":{"phi":-107.011,"psi":141.039,"rama":"Favored"},"redo":{"phi":-108.565,"psi":139.246,"rama":"Favored"},"seq_id":7},{"auth_seq_id":"8","compound_id":"LYS","orig":{"phi":-119.554,"psi":141.933,"rama":"Favored"},"redo":{"phi":-120.692,"psi":141.13,"rama":"Favored"},"seq_id":8},{"auth_seq_id":"9","compound_id":"ILE","orig":{"phi":-78.0681,"psi":144.913,"rama":"Favored"},"redo":{"phi":-75.6722,"psi":143.02,"rama":"Favored"},"seq_id":9},{"auth_seq_id":"10","compound_id":"ILE","orig":{"phi":-126.01,"psi":-12.2321,"rama":"Favored"},"redo":{"phi":-124.175,"psi":-13.8798,"rama":"Favored"},"seq_id":10},{"auth_seq_id":"11","compound_id":"ARG","orig":{"phi":-159.031,"psi":138.74,"rama":"Favored"},"redo":{"phi":-153.521,"psi":136.385,"rama":"Favored"},"seq_id":11},{"auth_seq_id":"12","compound_id":"SER","orig":{"phi":-140.742,"psi":127.078,"rama":"Favored"},"redo":{"phi":-134.286,"psi":128.359,"rama":"Favored"},"seq_id":12},{"auth_seq_id":"13","compound_id":"GLU","orig":{"phi":-128.78,"psi":138.021,"rama":"Favored"},"redo":{"phi":-127.797,"psi":135.037,"rama":"Favored"},"seq_id":13},{"auth_seq_id":"14","compound_id":"ASN","orig":{"phi":65.4566,"psi":22.9142,"rama":"Favored"},"redo":{"phi":71.8189,"psi":19.9085,"rama":"Favored"},"seq_id":14},{"auth_seq_id":"15","compound_id":"PHE","orig":{"phi":-66.8681,"psi":-48.5608,"rama":"Favored"},"redo":{"phi":-65.6859,"psi":-46.399,"rama":"Favored"},"seq_id":15},{"auth_seq_id":"16","compound_id":"GLU","orig":{"phi":-61.5618,"psi":-39.6439,"rama":"Favored"},"redo":{"phi":-60.3017,"psi":-41.5481,"rama":"Favored"},"seq_id":16},{"auth_seq_id":"17","compound_id":"GLU","orig":{"phi":-60.8786,"psi":-36.1293,"rama":"Favored"},"redo":{"phi":-62.3619,"psi":-36.6523,"rama":"Favored"},"seq_id":17},{"auth_seq_id":"18","compound_id":"LEU","orig":{"phi":-65.4904,"psi":-43.2395,"rama":"Favored"},"redo":{"phi":-60.8745,"psi":-45.551,"rama":"Favored"},"seq_id":18},{"auth_seq_id":"19","compound_id":"LEU","orig":{"phi":-65.4422,"psi":-32.2409,"rama":"Favored"},"redo":{"phi":-64.1986,"psi":-36.0649,"rama":"Favored"},"seq_id":19},{"auth_seq_id":"20","compound_id":"LYS","orig":{"phi":-65.1438,"psi":-45.4726,"rama":"Favored"},"redo":{"phi":-58.8908,"psi":-49.9781,"rama":"Favored"},"seq_id":20},{"auth_seq_id":"21","compound_id":"VAL","orig":{"phi":-62.261,"psi":-36.0064,"rama":"Favored"},"redo":{"phi":-56.7994,"psi":-37.4403,"rama":"Favored"},"seq_id":21},{"auth_seq_id":"22","compound_id":"LEU","orig":{"phi":-75.2491,"psi":-4.55295,"rama":"Favored"},"redo":{"phi":-78.291,"psi":-4.3496,"rama":"Favored"},"seq_id":22},{"auth_seq_id":"23","compound_id":"GLY","orig":{"phi":84.029,"psi":20.2844,"rama":"Favored"},"redo":{"phi":84.9401,"psi":23.2966,"rama":"Favored"},"seq_id":23},{"auth_seq_id":"24","compound_id":"VAL","orig":{"phi":-79.6012,"psi":130.047,"rama":"Favored"},"redo":{"phi":-78.414,"psi":131.838,"rama":"Favored"},"seq_id":24},{"auth_seq_id":"25","compound_id":"ASN","orig":{"phi":-66.9864,"psi":161.305,"rama":"Favored"},"redo":{"phi":-72.068,"psi":163,"rama":"Favored"},"seq_id":25},{"auth_seq_id":"26","compound_id":"VAL","orig":{"phi":-47.1545,"psi":-51.9972,"rama":"Favored"},"redo":{"phi":-52.9427,"psi":-47.2482,"rama":"Favored"},"seq_id":26},{"auth_seq_id":"27","compound_id":"MET","orig":{"phi":-67.6026,"psi":-38.6925,"rama":"Favored"},"redo":{"phi":-69.0732,"psi":-38.6647,"rama":"Favored"},"seq_id":27},{"auth_seq_id":"28","compound_id":"LEU","orig":{"phi":-68.8486,"psi":-34.0498,"rama":"Favored"},"redo":{"phi":-70.0283,"psi":-36.1061,"rama":"Favored"},"seq_id":28},{"auth_seq_id":"29","compound_id":"ARG","orig":{"phi":-63.3768,"psi":-44.2542,"rama":"Favored"},"redo":{"phi":-58.7668,"psi":-43.5918,"rama":"Favored"},"seq_id":29},{"auth_seq_id":"30","compound_id":"LYS","orig":{"phi":-54.8234,"psi":-47.3272,"rama":"Favored"},"redo":{"phi":-55.0534,"psi":-50.0434,"rama":"Favored"},"seq_id":30},{"auth_seq_id":"31","compound_id":"ILE","orig":{"phi":-62.9434,"psi":-48.5552,"rama":"Favored"},"redo":{"phi":-58.9783,"psi":-50.0716,"rama":"Favored"},"seq_id":31},{"auth_seq_id":"32","compound_id":"ALA","orig":{"phi":-61.0221,"psi":-48.2648,"rama":"Favored"},"redo":{"phi":-64.1545,"psi":-45.1041,"rama":"Favored"},"seq_id":32},{"auth_seq_id":"33","compound_id":"VAL","orig":{"phi":-59.1077,"psi":-41.5295,"rama":"Favored"},"redo":{"phi":-63.0819,"psi":-42.3669,"rama":"Favored"},"seq_id":33},{"auth_seq_id":"34","compound_id":"ALA","orig":{"phi":-65.9182,"psi":-45.7829,"rama":"Favored"},"redo":{"phi":-64.0373,"psi":-44.075,"rama":"Favored"},"seq_id":34},{"auth_seq_id":"35","compound_id":"ALA","orig":{"phi":-68.0845,"psi":-36.253,"rama":"Favored"},"redo":{"phi":-72.369,"psi":-36.0137,"rama":"Favored"},"seq_id":35},{"auth_seq_id":"36","compound_id":"ALA","orig":{"phi":-73.938,"psi":-8.65,"rama":"Favored"},"redo":{"phi":-71.5808,"psi":-7.91505,"rama":"Favored"},"seq_id":36},{"auth_seq_id":"37","compound_id":"SER","orig":{"phi":-76.7423,"psi":-14.7122,"rama":"Favored"},"redo":{"phi":-78.4026,"psi":-16.0666,"rama":"Favored"},"seq_id":37},{"auth_seq_id":"38","compound_id":"LYS","orig":{"phi":-135.777,"psi":65.002,"rama":"Favored"},"redo":{"phi":-137.015,"psi":66.8355,"rama":"Favored"},"seq_id":38},{"auth_seq_id":"39","compound_id":"PRO","orig":{"phi":-84.2973,"psi":157.822,"rama":"Favored"},"redo":{"phi":-76.1107,"psi":158.114,"rama":"Favored"},"seq_id":39},{"auth_seq_id":"40","compound_id":"ALA","orig":{"phi":-111.362,"psi":121.524,"rama":"Favored"},"redo":{"phi":-110.64,"psi":124.039,"rama":"Favored"},"seq_id":40},{"auth_seq_id":"41","compound_id":"VAL","orig":{"phi":-119.1,"psi":128.104,"rama":"Favored"},"redo":{"phi":-120.449,"psi":126.456,"rama":"Favored"},"seq_id":41},{"auth_seq_id":"42","compound_id":"GLU","orig":{"phi":-124.854,"psi":124.292,"rama":"Favored"},"redo":{"phi":-119.54,"psi":123.486,"rama":"Favored"},"seq_id":42},{"auth_seq_id":"43","compound_id":"ILE","orig":{"phi":-120.956,"psi":134.331,"rama":"Favored"},"redo":{"phi":-117.651,"psi":131.93,"rama":"Favored"},"seq_id":43},{"auth_seq_id":"44","compound_id":"LYS","orig":{"phi":-126.715,"psi":121.853,"rama":"Favored"},"redo":{"phi":-121.416,"psi":124.773,"rama":"Favored"},"seq_id":44},{"auth_seq_id":"45","compound_id":"GLN","orig":{"phi":-122.219,"psi":135.705,"rama":"Favored"},"redo":{"phi":-122.994,"psi":133.536,"rama":"Favored"},"seq_id":45},{"auth_seq_id":"46","compound_id":"GLU","orig":{"phi":-133.963,"psi":90.8916,"rama":"Favored"},"redo":{"phi":-132.604,"psi":96.8588,"rama":"Favored"},"seq_id":46},{"auth_seq_id":"47","compound_id":"GLY","orig":{"phi":71.2029,"psi":-119.153,"rama":"Favored"},"redo":{"phi":68.5794,"psi":-124.539,"rama":"Favored"},"seq_id":47},{"auth_seq_id":"48","compound_id":"ASP","orig":{"phi":-101.243,"psi":12.7944,"rama":"Favored"},"redo":{"phi":-96.4063,"psi":14.6495,"rama":"Favored"},"seq_id":48},{"auth_seq_id":"49","compound_id":"THR","orig":{"phi":-104.011,"psi":129.582,"rama":"Favored"},"redo":{"phi":-102.847,"psi":130.19,"rama":"Favored"},"seq_id":49},{"auth_seq_id":"50","compound_id":"PHE","orig":{"phi":-127.843,"psi":149.535,"rama":"Favored"},"redo":{"phi":-128.207,"psi":143.58,"rama":"Favored"},"seq_id":50},{"auth_seq_id":"51","compound_id":"TYR","orig":{"phi":-132.292,"psi":124.881,"rama":"Favored"},"redo":{"phi":-124.383,"psi":129.723,"rama":"Favored"},"seq_id":51},{"auth_seq_id":"52","compound_id":"ILE","orig":{"phi":-131.077,"psi":119.278,"rama":"Favored"},"redo":{"phi":-134.883,"psi":118.67,"rama":"Favored"},"seq_id":52},{"auth_seq_id":"53","compound_id":"LYS","orig":{"phi":-115.148,"psi":121.753,"rama":"Favored"},"redo":{"phi":-113.199,"psi":124.997,"rama":"Favored"},"seq_id":53},{"auth_seq_id":"54","compound_id":"THR","orig":{"phi":-118.928,"psi":119.01,"rama":"Favored"},"redo":{"phi":-122.162,"psi":116.596,"rama":"Favored"},"seq_id":54},{"auth_seq_id":"55","compound_id":"SER","orig":{"phi":-120.475,"psi":137.456,"rama":"Favored"},"redo":{"phi":-118.917,"psi":132.502,"rama":"Favored"},"seq_id":55},{"auth_seq_id":"56","compound_id":"THR","orig":{"phi":-140.632,"psi":168.519,"rama":"Favored"},"redo":{"phi":-136.077,"psi":169.929,"rama":"Favored"},"seq_id":56},{"auth_seq_id":"57","compound_id":"THR","orig":{"phi":-62.8252,"psi":-20.8796,"rama":"Favored"},"redo":{"phi":-62.6177,"psi":-19.3353,"rama":"Favored"},"seq_id":57},{"auth_seq_id":"58","compound_id":"VAL","orig":{"phi":-112.394,"psi":-10.4462,"rama":"Favored"},"redo":{"phi":-115.378,"psi":-10.0663,"rama":"Favored"},"seq_id":58},{"auth_seq_id":"59","compound_id":"ARG","orig":{"phi":-168.97,"psi":135.297,"rama":"Favored"},"redo":{"phi":-171.239,"psi":133.75,"rama":"Favored"},"seq_id":59},{"auth_seq_id":"60","compound_id":"THR","orig":{"phi":-129.944,"psi":134.745,"rama":"Favored"},"redo":{"phi":-124.152,"psi":137.34,"rama":"Favored"},"seq_id":60},{"auth_seq_id":"61","compound_id":"THR","orig":{"phi":-124.306,"psi":144.291,"rama":"Favored"},"redo":{"phi":-121.675,"psi":142.841,"rama":"Favored"},"seq_id":61},{"auth_seq_id":"62","compound_id":"GLU","orig":{"phi":-133.895,"psi":117.199,"rama":"Favored"},"redo":{"phi":-132.152,"psi":119.569,"rama":"Favored"},"seq_id":62},{"auth_seq_id":"63","compound_id":"ILE","orig":{"phi":-118.788,"psi":147.439,"rama":"Favored"},"redo":{"phi":-119.145,"psi":142.999,"rama":"Favored"},"seq_id":63},{"auth_seq_id":"64","compound_id":"ASN","orig":{"phi":-130.402,"psi":122.396,"rama":"Favored"},"redo":{"phi":-126.244,"psi":123.207,"rama":"Favored"},"seq_id":64},{"auth_seq_id":"65","compound_id":"PHE","orig":{"phi":-149.651,"psi":160.944,"rama":"Favored"},"redo":{"phi":-152.049,"psi":157.217,"rama":"Favored"},"seq_id":65},{"auth_seq_id":"66","compound_id":"LYS","orig":{"phi":-117.817,"psi":132.727,"rama":"Favored"},"redo":{"phi":-111.049,"psi":136.944,"rama":"Favored"},"seq_id":66},{"auth_seq_id":"67","compound_id":"VAL","orig":{"phi":-59.1806,"psi":130.252,"rama":"Favored"},"redo":{"phi":-59.6488,"psi":132.25,"rama":"Favored"},"seq_id":67},{"auth_seq_id":"68","compound_id":"GLY","orig":{"phi":91.3949,"psi":-2.59708,"rama":"Favored"},"redo":{"phi":86.6157,"psi":2.69868,"rama":"Favored"},"seq_id":68},{"auth_seq_id":"69","compound_id":"GLU","orig":{"phi":-119.662,"psi":127.609,"rama":"Favored"},"redo":{"phi":-122.388,"psi":129.647,"rama":"Favored"},"seq_id":69},{"auth_seq_id":"70","compound_id":"GLU","orig":{"phi":-62.3316,"psi":140.687,"rama":"Favored"},"redo":{"phi":-63.1705,"psi":142.974,"rama":"Favored"},"seq_id":70},{"auth_seq_id":"71","compound_id":"PHE","orig":{"phi":-143.479,"psi":174.114,"rama":"Favored"},"redo":{"phi":-146.635,"psi":170.8,"rama":"Favored"},"seq_id":71},{"auth_seq_id":"72","compound_id":"GLU","orig":{"phi":-119.362,"psi":132.728,"rama":"Favored"},"redo":{"phi":-112.848,"psi":132.9,"rama":"Favored"},"seq_id":72},{"auth_seq_id":"73","compound_id":"GLU","orig":{"phi":-144.938,"psi":-154.282,"rama":"Allowed"},"redo":{"phi":-144.079,"psi":-156.59,"rama":"Allowed"},"seq_id":73},{"auth_seq_id":"74","compound_id":"GLN","orig":{"phi":-135.1,"psi":153.773,"rama":"Favored"},"redo":{"phi":-128.604,"psi":150.587,"rama":"Favored"},"seq_id":74},{"auth_seq_id":"75","compound_id":"THR","orig":{"phi":-71.6698,"psi":171.399,"rama":"Favored"},"redo":{"phi":-62.3808,"psi":170.488,"rama":"Allowed"},"seq_id":75},{"auth_seq_id":"76","compound_id":"VAL","orig":{"phi":-56.8843,"psi":-37.1311,"rama":"Favored"},"redo":{"phi":-59.1106,"psi":-32.7221,"rama":"Favored"},"seq_id":76},{"auth_seq_id":"77","compound_id":"ASP","orig":{"phi":-83.4744,"psi":6.02901,"rama":"Favored"},"redo":{"phi":-92.0689,"psi":5.42405,"rama":"Favored"},"seq_id":77},{"auth_seq_id":"78","compound_id":"GLY","orig":{"phi":93.1328,"psi":16.9127,"rama":"Favored"},"redo":{"phi":95.3496,"psi":16.9665,"rama":"Favored"},"seq_id":78},{"auth_seq_id":"79","compound_id":"ARG","orig":{"phi":-96.8744,"psi":133.684,"rama":"Favored"},"redo":{"phi":-91.839,"psi":130.393,"rama":"Favored"},"seq_id":79},{"auth_seq_id":"80","compound_id":"PRO","orig":{"phi":-58.4015,"psi":138.311,"rama":"Favored"},"redo":{"phi":-55.3376,"psi":137.263,"rama":"Favored"},"seq_id":80},{"auth_seq_id":"81","compound_id":"CYS","orig":{"phi":-150.032,"psi":160.522,"rama":"Favored"},"redo":{"phi":-145.491,"psi":159.26,"rama":"Favored"},"seq_id":81},{"auth_seq_id":"82","compound_id":"LYS","orig":{"phi":-100.825,"psi":129.34,"rama":"Favored"},"redo":{"phi":-96.5016,"psi":128.961,"rama":"Favored"},"seq_id":82},{"auth_seq_id":"83","compound_id":"SER","orig":{"phi":-121.546,"psi":152.869,"rama":"Favored"},"redo":{"phi":-121.632,"psi":150.055,"rama":"Favored"},"seq_id":83},{"auth_seq_id":"84","compound_id":"LEU","orig":{"phi":-142.234,"psi":117.575,"rama":"Favored"},"redo":{"phi":-143.396,"psi":116.231,"rama":"Favored"},"seq_id":84},{"auth_seq_id":"85","compound_id":"VAL","orig":{"phi":-100.519,"psi":138.728,"rama":"Favored"},"redo":{"phi":-96.7141,"psi":135.485,"rama":"Favored"},"seq_id":85},{"auth_seq_id":"86","compound_id":"LYS","orig":{"phi":-136.933,"psi":158.934,"rama":"Favored"},"redo":{"phi":-129.591,"psi":156.068,"rama":"Favored"},"seq_id":86},{"auth_seq_id":"87","compound_id":"TRP","orig":{"phi":-84.2781,"psi":111.882,"rama":"Favored"},"redo":{"phi":-77.1223,"psi":110.077,"rama":"Favored"},"seq_id":87},{"auth_seq_id":"88","compound_id":"GLU","orig":{"phi":-73.2086,"psi":-40.4726,"rama":"Favored"},"redo":{"phi":-68.1302,"psi":-43.2261,"rama":"Favored"},"seq_id":88},{"auth_seq_id":"89","compound_id":"SER","orig":{"phi":-147.642,"psi":178.774,"rama":"Favored"},"redo":{"phi":-149.607,"psi":177.134,"rama":"Favored"},"seq_id":89},{"auth_seq_id":"90","compound_id":"GLU","orig":{"phi":-53.8952,"psi":-37.4729,"rama":"Favored"},"redo":{"phi":-51.2694,"psi":-39.4877,"rama":"Favored"},"seq_id":90},{"auth_seq_id":"91","compound_id":"ASN","orig":{"phi":-112.616,"psi":15.6948,"rama":"Favored"},"redo":{"phi":-111.202,"psi":12.7477,"rama":"Favored"},"seq_id":91},{"auth_seq_id":"92","compound_id":"LYS","orig":{"phi":-137.658,"psi":122.258,"rama":"Favored"},"redo":{"phi":-136.767,"psi":118.949,"rama":"Favored"},"seq_id":92},{"auth_seq_id":"93","compound_id":"MET","orig":{"phi":-106.153,"psi":142.968,"rama":"Favored"},"redo":{"phi":-101.381,"psi":144.528,"rama":"Favored"},"seq_id":93},{"auth_seq_id":"94","compound_id":"VAL","orig":{"phi":-125.617,"psi":138.706,"rama":"Favored"},"redo":{"phi":-128.303,"psi":135.728,"rama":"Favored"},"seq_id":94},{"auth_seq_id":"95","compound_id":"CYS","orig":{"phi":-122.024,"psi":124.544,"rama":"Favored"},"redo":{"phi":-119.739,"psi":125.369,"rama":"Favored"},"seq_id":95},{"auth_seq_id":"96","compound_id":"GLU","orig":{"phi":-99.8029,"psi":132.087,"rama":"Favored"},"redo":{"phi":-100.347,"psi":134.359,"rama":"Favored"},"seq_id":96},{"auth_seq_id":"97","compound_id":"GLN","orig":{"phi":-114.364,"psi":144.918,"rama":"Favored"},"redo":{"phi":-117.41,"psi":141.412,"rama":"Favored"},"seq_id":97},{"auth_seq_id":"98","compound_id":"LYS","orig":{"phi":-134.209,"psi":119.63,"rama":"Favored"},"redo":{"phi":-131.019,"psi":125.246,"rama":"Favored"},"seq_id":98},{"auth_seq_id":"99","compound_id":"LEU","orig":{"phi":-60.2185,"psi":132.163,"rama":"Favored"},"redo":{"phi":-65.6705,"psi":137.176,"rama":"Favored"},"seq_id":99},{"auth_seq_id":"100","compound_id":"LEU","orig":{"phi":-67.2598,"psi":-37.423,"rama":"Favored"},"redo":{"phi":-70.9157,"psi":-35.8262,"rama":"Favored"},"seq_id":100},{"auth_seq_id":"101","compound_id":"LYS","orig":{"phi":-144.136,"psi":142.558,"rama":"Favored"},"redo":{"phi":-143.923,"psi":135.965,"rama":"Favored"},"seq_id":101},{"auth_seq_id":"102","compound_id":"GLY","orig":{"phi":87.0139,"psi":-168.218,"rama":"Favored"},"redo":{"phi":85.3124,"psi":-166.591,"rama":"Favored"},"seq_id":102},{"auth_seq_id":"103","compound_id":"GLU","orig":{"phi":-131.987,"psi":164.548,"rama":"Favored"},"redo":{"phi":-128.033,"psi":162.076,"rama":"Favored"},"seq_id":103},{"auth_seq_id":"104","compound_id":"GLY","orig":{"phi":169.237,"psi":-177.638,"rama":"Favored"},"redo":{"phi":170.469,"psi":-179.772,"rama":"Favored"},"seq_id":104},{"auth_seq_id":"105","compound_id":"PRO","orig":{"phi":-59.3008,"psi":151.161,"rama":"Favored"},"redo":{"phi":-54.5471,"psi":152.296,"rama":"Favored"},"seq_id":105},{"auth_seq_id":"106","compound_id":"LYS","orig":{"phi":-76.9382,"psi":125.896,"rama":"Favored"},"redo":{"phi":-75.2375,"psi":127.555,"rama":"Favored"},"seq_id":106},{"auth_seq_id":"107","compound_id":"THR","orig":{"phi":-118.803,"psi":155.709,"rama":"Favored"},"redo":{"phi":-121.889,"psi":149.953,"rama":"Favored"},"seq_id":107},{"auth_seq_id":"108","compound_id":"SER","orig":{"phi":-161.168,"psi":170.538,"rama":"Favored"},"redo":{"phi":-153.427,"psi":170.065,"rama":"Favored"},"seq_id":108},{"auth_seq_id":"109","compound_id":"TRP","orig":{"phi":-149.028,"psi":154.167,"rama":"Favored"},"redo":{"phi":-143.888,"psi":157.976,"rama":"Favored"},"seq_id":109},{"auth_seq_id":"110","compound_id":"THR","orig":{"phi":-136.984,"psi":150.171,"rama":"Favored"},"redo":{"phi":-135.815,"psi":150.531,"rama":"Favored"},"seq_id":110},{"auth_seq_id":"111","compound_id":"ARG","orig":{"phi":-134.794,"psi":130.232,"rama":"Favored"},"redo":{"phi":-134.183,"psi":131.016,"rama":"Favored"},"seq_id":111},{"auth_seq_id":"112","compound_id":"GLU","orig":{"phi":-142.512,"psi":143.949,"rama":"Favored"},"redo":{"phi":-137.885,"psi":142.436,"rama":"Favored"},"seq_id":112},{"auth_seq_id":"113","compound_id":"LEU","orig":{"phi":-95.8259,"psi":122.879,"rama":"Favored"},"redo":{"phi":-97.2274,"psi":124.689,"rama":"Favored"},"seq_id":113},{"auth_seq_id":"114","compound_id":"THR","orig":{"phi":-89.5457,"psi":168.149,"rama":"Favored"},"redo":{"phi":-91.8459,"psi":169.337,"rama":"Favored"},"seq_id":114},{"auth_seq_id":"115","compound_id":"ASN","orig":{"phi":-62.0933,"psi":-23.8371,"rama":"Favored"},"redo":{"phi":-69.2777,"psi":-19.3713,"rama":"Favored"},"seq_id":115},{"auth_seq_id":"116","compound_id":"ASP","orig":{"phi":-88.435,"psi":4.32032,"rama":"Favored"},"redo":{"phi":-89.5154,"psi":0.928166,"rama":"Favored"},"seq_id":116},{"auth_seq_id":"117","compound_id":"GLY","orig":{"phi":91.4057,"psi":6.20117,"rama":"Favored"},"redo":{"phi":91.8957,"psi":10.4604,"rama":"Favored"},"seq_id":117},{"auth_seq_id":"118","compound_id":"GLU","orig":{"phi":-95.5769,"psi":171.543,"rama":"Favored"},"redo":{"phi":-95.7448,"psi":172.038,"rama":"Favored"},"seq_id":118},{"auth_seq_id":"119","compound_id":"LEU","orig":{"phi":-121.877,"psi":126.83,"rama":"Favored"},"redo":{"phi":-124.344,"psi":125.542,"rama":"Favored"},"seq_id":119},{"auth_seq_id":"120","compound_id":"ILE","orig":{"phi":-109.916,"psi":123.836,"rama":"Favored"},"redo":{"phi":-106.565,"psi":123.499,"rama":"Favored"},"seq_id":120},{"auth_seq_id":"121","compound_id":"LEU","orig":{"phi":-108.934,"psi":129.829,"rama":"Favored"},"redo":{"phi":-103.473,"psi":129.13,"rama":"Favored"},"seq_id":121},{"auth_seq_id":"122","compound_id":"THR","orig":{"phi":-121.568,"psi":141.693,"rama":"Favored"},"redo":{"phi":-117.347,"psi":143.081,"rama":"Favored"},"seq_id":122},{"auth_seq_id":"123","compound_id":"MET","orig":{"phi":-124.954,"psi":135.492,"rama":"Favored"},"redo":{"phi":-127.588,"psi":133.724,"rama":"Favored"},"seq_id":123},{"auth_seq_id":"124","compound_id":"THR","orig":{"phi":-124.903,"psi":143.702,"rama":"Favored"},"redo":{"phi":-122.881,"psi":144.204,"rama":"Favored"},"seq_id":124},{"auth_seq_id":"125","compound_id":"ALA","orig":{"phi":-140.002,"psi":107.742,"rama":"Favored"},"redo":{"phi":-140.721,"psi":116.033,"rama":"Favored"},"seq_id":125},{"auth_seq_id":"126","compound_id":"ASP","orig":{"phi":55.6853,"psi":-115.961,"rama":"Allowed"},"redo":{"phi":47.864,"psi":-114.744,"rama":"Allowed"},"seq_id":126},{"auth_seq_id":"127","compound_id":"ASP","orig":{"phi":-100.26,"psi":2.2589,"rama":"Favored"},"redo":{"phi":-93.9501,"psi":-6.48136,"rama":"Favored"},"seq_id":127},{"auth_seq_id":"128","compound_id":"VAL","orig":{"phi":-93.6461,"psi":129.374,"rama":"Favored"},"redo":{"phi":-92.2698,"psi":130.769,"rama":"Favored"},"seq_id":128},{"auth_seq_id":"129","compound_id":"VAL","orig":{"phi":-118.389,"psi":128.437,"rama":"Favored"},"redo":{"phi":-121.694,"psi":127.48,"rama":"Favored"},"seq_id":129},{"auth_seq_id":"130","compound_id":"CYS","orig":{"phi":-103.186,"psi":129.909,"rama":"Favored"},"redo":{"phi":-105.197,"psi":132.993,"rama":"Favored"},"seq_id":130},{"auth_seq_id":"131","compound_id":"THR","orig":{"phi":-116.589,"psi":123.915,"rama":"Favored"},"redo":{"phi":-119.4,"psi":125.339,"rama":"Favored"},"seq_id":131},{"auth_seq_id":"132","compound_id":"ARG","orig":{"phi":-128.101,"psi":136.598,"rama":"Favored"},"redo":{"phi":-129.27,"psi":137.097,"rama":"Favored"},"seq_id":132},{"auth_seq_id":"133","compound_id":"VAL","orig":{"phi":-120.435,"psi":137.516,"rama":"Favored"},"redo":{"phi":-123.811,"psi":135.314,"rama":"Favored"},"seq_id":133},{"auth_seq_id":"134","compound_id":"TYR","orig":{"phi":-131.008,"psi":162.017,"rama":"Favored"},"redo":{"phi":-128.345,"psi":158.419,"rama":"Favored"},"seq_id":134},{"auth_seq_id":"135","compound_id":"VAL","orig":{"phi":-137.806,"psi":151.572,"rama":"Favored"},"redo":{"phi":-135.71,"psi":151.581,"rama":"Favored"},"seq_id":135},{"auth_seq_id":"136","compound_id":"ARG","orig":{"phi":-67.1294,"psi":146.133,"rama":"Favored"},"redo":{"phi":-67.1581,"psi":145.864,"rama":"Favored"},"seq_id":136},{"auth_seq_id":"137","compound_id":"GLU","orig":{"phi":-61.5072},"redo":{"phi":-66.5242},"seq_id":137}]}]}],"entity_id":"1"}]}